8;ultrices;€58.02
12;Donec;€71.89
14;nibh;€89.74
1;mauris.;€22.52
18;Vivamus;€11.54
3;massa.;€48.95
7;at,;€94.79
3;a;€50.10
18;vel;€24.22
18;Aliquam;€14.36
13;blandit.;€60.27
3;ornare,;€54.80
6;Praesent;€96.14
3;lacus.;€40.35
10;nibh.;€63.79
19;enim.;€43.36
2;Aenean;€94.91
6;Mauris;€66.03
15;amet,;€75.91
9;feugiat;€90.61
20;ligula.;€36.35
8;posuere;€22.71
7;luctus.;€68.57
12;cursus.;€28.93
9;malesuada;€37.93
20;augue.;€94.58
18;libero.;€45.14
19;facilisis;€35.20
17;ipsum;€59.82
7;mattis.;€2.08
17;a,;€52.37
4;rutrum;€66.99
2;ornare,;€79.06
18;Sed;€68.75
17;pellentesque;€72.92
20;nisl.;€11.91
17;massa;€54.66
10;Mauris;€83.44
19;dignissim;€44.72
13;enim,;€65.51
11;dis;€10.36
18;ut,;€71.69
6;turpis;€65.28
20;Morbi;€84.70
6;sed,;€74.12
19;est;€72.39
17;Duis;€55.09
7;Pellentesque;€92.34
9;elit.;€40.55
3;auctor;€26.16
12;molestie;€85.33
5;vitae;€88.23
6;Nullam;€13.22
1;Fusce;€71.52
19;eu;€28.47
8;eget,;€75.57
5;ut;€64.71
17;tempor;€6.68
13;luctus;€39.58
8;eget;€59.54
8;per;€87.35
19;sociis;€71.83
17;condimentum;€11.68
14;amet;€71.04
15;litora;€17.96
9;volutpat;€62.72
14;consectetuer,;€53.80
7;Vestibulum;€20.77
11;dui.;€32.06
5;ligula;€24.74
15;convallis;€15.72
18;dictum;€53.57
12;arcu.;€82.07
14;nec;€0.42
15;Class;€55.58
6;Sed;€63.37
12;odio,;€95.37
4;Aliquam;€12.80
18;non,;€61.43
20;adipiscing;€74.52
14;egestas;€26.60
17;eleifend;€6.08
6;sem.;€83.44
16;neque.;€80.70
1;turpis.;€42.95
9;orci;€34.81
6;posuere;€24.91
3;lacus.;€20.31
15;tortor;€46.72
20;amet;€79.66
8;Nulla;€63.89
9;a;€69.10
8;purus,;€67.38
8;Aenean;€47.35
6;neque.;€69.10
19;id;€90.30
7;Mauris;€74.35
18;lectus;€81.49
16;dui.;€25.67
15;Morbi;€17.99
